idx,direction,label,fvg_present,fvg_size_atr,fvg_distance,fvg_mitigated,ob_present,ob_size_atr,ob_distance,ob_vol_ratio,bos_count,choch_count,swing_count,trend_align,nearby_liq_count,body_ratio,vol_ratio,upper_wick_atr,lower_wick_atr,candle_align,dist_to_high_atr,dist_to_low_atr,atr_val
97,-1,0,1,0.01912754952668579,0.0,1,0,0.0,99.0,1.0,0,0,6,0,26,0.4198084677398203,2.800127712668922,0.1308187762271861,1.8350492827168947,1,3.770518200448921,5.194325168341959,585.5428571428565
125,-1,0,1,0.3860126966833543,0.0,1,0,0.0,99.0,1.0,0,0,6,0,26,0.530034129674728,0.7454048521849662,0.056904607261836763,0.34700077521004896,1,3.358251796601655,4.094491818391344,340.9214285714282
134,1,1,1,0.169530675812823,0.0,1,0,0.0,99.0,1.0,1,0,6,0,26,0.5482436638262325,1.0856658453375394,0.49291288979105385,0.00489973051482168,1,4.980086095264762,7.469149196794175,204.09285714285735
159,-1,0,1,0.39599612528252587,0.0,1,0,0.0,99.0,1.0,0,0,6,0,26,0.7276302851380997,2.362616541324372,0.1184371972876849,0.5076525670003372,1,2.102034226670977,4.6787213432354005,221.21428571428518
166,-1,0,1,0.3068295722374278,0.0,1,0,0.0,99.0,1.0,0,0,6,0,26,0.7852105150505256,1.6655041994982103,0.0003792701758408926,0.38078725652209694,1,2.460325630536649,1.7446428087665544,263.66428571428645
174,1,1,1,0.3928489283847275,0.0,1,0,0.0,99.0,1.0,1,0,6,0,26,0.3134814470127557,2.7040980177552667,1.5547098797699905,0.17300575013068054,1,1.7180554103502397,2.171792995295352,341.60714285714283
192,-1,0,1,0.08138017263125571,0.0,1,0,0.0,99.0,1.0,0,0,6,0,26,0.3155033702944566,1.250152306958935,0.3084769185211206,0.658258113339994,1,0.9667350318611034,5.411474384987448,651.2642857142855
200,-1,0,1,0.11685015727767725,0.0,1,0,0.0,99.0,1.0,0,0,6,0,26,0.7393753200015485,0.4977197209761587,0.12585787818130528,0.12886045181584188,1,1.9011295396053793,8.49252931083784,399.6571428571437
213,-1,0,1,0.428075527785117,0.0,1,0,0.0,99.0,1.0,0,0,6,1,26,0.3220104268482623,7.831528644316745,2.004028670049967,1.4141414141414124,1,2.54874006277685,3.1378059393548203,730.4785714285723
223,-1,0,1,0.010908955980759753,0.0,1,0,0.0,99.0,1.0,0,0,6,1,26,0.8168921147866407,0.3473857732324674,0.03116844565929918,0.06493426179020663,1,4.040815821696696,3.9866173578558106,577.5071428571433
224,-1,0,1,0.04451299086487611,0.0,1,0,0.0,99.0,1.0,0,0,6,1,26,0.759667071254398,0.768017534783836,0.18336694744334067,0.04683829635780748,1,4.603772689524266,2.9179262071420027,602.0714285714286
245,-1,0,1,0.25557573690082136,0.0,1,0,0.0,99.0,1.0,0,1,6,0,26,0.615770875941674,0.3851445281642586,0.029429933340098337,0.2372465678907662,1,2.615262628963403,2.3006979467273956,774.721428571429
255,-1,1,1,0.22658559338226178,0.0,1,1,2.860169833825989,0.04,4.062291309602826,0,1,6,0,26,0.8079618855613708,2.9145727876446026,0.14775268901801883,0.5118631494947946,1,3.483910849358788,3.9682375552133773,635.5214285714293
292,1,0,1,0.12179541060772053,0.0,1,0,0.0,99.0,1.0,2,0,6,0,26,0.7410685021061584,0.230574199918466,0.028389509960498528,0.0878162561990375,1,9.084348995545101,2.179520047070686,679.8285714285713
293,1,0,1,0.13496708537267119,0.0,1,0,0.0,99.0,1.0,2,0,6,0,26,0.7011090072842522,0.3811950996341953,0.062292500941232856,0.11420291839226024,1,9.450091841507799,2.78080113176119,626.0785714285713
302,1,0,1,0.21105703232248144,0.0,1,0,0.0,99.0,1.0,2,0,6,0,26,0.36727272726161103,0.8236584628904416,0.40044926993634905,0.32916510670160026,1,21.532359915137935,5.225408710844891,286.17857142857093
317,1,0,1,0.19231544300396994,0.0,1,0,0.0,99.0,1.0,2,0,6,0,26,0.737483674325744,0.5155834670736634,0.2675488681399946,0.01598710284141209,1,17.03331765970309,6.524148586014641,212.67142857142866
318,1,0,1,0.3702346304480544,0.0,1,0,0.0,99.0,1.0,2,0,6,0,26,0.9763168639862554,0.6700497311287567,0.017103230210923213,0.012072868384183246,1,17.01972620459202,8.182386547375227,198.79285714285703
339,1,0,1,0.21254921934687654,0.0,1,0,0.0,99.0,1.0,2,0,6,0,26,0.6256704980603303,1.0046320067442465,0.214469018747421,0.053480126158246356,1,1.9241875134679778,2.3539483221345128,364.62142857142834
352,1,0,1,0.15257608369888007,0.0,1,0,0.0,99.0,1.0,2,0,6,1,26,0.7906902086423627,0.7552742544568394,0.1357927144919977,0.1129063019371657,1,2.8546985260060516,3.0953872980410293,262.16428571428594
353,1,0,1,0.5475924766596968,0.0,1,0,0.0,99.0,1.0,2,0,6,1,26,0.6780045351217777,1.0051058899229897,0.31361768148287605,0.01105092680802971,1,2.1682680530226723,3.775987370369366,262.4214285714287
354,1,0,1,0.11108207625609226,0.0,1,0,0.0,99.0,1.0,2,0,6,1,26,0.4631531933830108,3.2341334996321374,1.1989547452191471,0.00033258106663015255,1,0.5933246228768311,4.330205487587599,300.67857142857144
363,1,0,1,0.08246391931837507,0.0,1,0,0.0,99.0,1.0,2,0,6,1,26,0.8826634185593676,0.7033789673111766,0.06846635367762136,0.01947487393497228,1,1.3891062423926288,3.6697965571205047,328.6285714285711
368,1,0,1,0.47198621231820687,0.0,1,0,0.0,99.0,1.0,2,0,6,1,26,0.7494371180202959,0.8870782726075894,0.034711093641326664,0.295044295951369,1,1.5006198409578864,5.536842741813584,236.23571428571344
375,1,0,1,0.15116019135331932,0.0,1,0,0.0,99.0,1.0,2,0,6,1,26,0.7005334010579022,3.698102917126674,0.25443734072518454,0.483524835695444,1,0.3890105959672822,4.813967004962658,319.5285714285715
402,1,0,1,0.3038500480282404,0.0,1,0,0.0,99.0,1.0,2,0,6,0,26,0.688125894114789,1.056080768999234,0.02180741971494586,0.3743607051065706,1,3.5364365637737203,2.057166593109893,275.1357142857144
413,1,0,1,0.2823321091290649,0.0,1,0,0.0,99.0,1.0,2,0,6,1,26,0.6561712845934097,0.49954836125230634,0.10007869884576319,0.15057712486884797,1,3.7277019937040765,3.337486883525694,217.82857142857236
414,1,0,1,0.027312314927705774,0.0,1,0,0.0,99.0,1.0,2,0,6,1,26,0.2581168830959618,0.7368856579806013,0.3623758927015977,0.08340010451140185,1,3.8047030134122806,3.7013063926145247,205.03571428571482
438,1,0,1,0.05739252386860861,0.0,1,0,0.0,99.0,1.0,2,0,6,0,26,0.7770003042051528,0.6237405353129565,0.13014006508800524,0.0543718647176186,1,3.7063487782512547,1.985831670172791,397.264285714286
449,1,0,1,0.14593745537626318,0.0,1,0,0.0,99.0,1.0,2,0,6,0,26,0.8465851172186892,3.0169796920987206,0.11966300157075957,0.31015279166071275,1,4.835641867770969,2.6477224046837033,350.1499999999999
450,1,0,1,0.7453834417691068,0.0,1,0,0.0,99.0,1.0,2,0,6,0,26,0.5778137324241304,2.6455618976908646,0.46500534871894134,0.5600196411974078,1,2.753941392069876,3.7087491012398455,407.30714285714305
452,1,0,1,0.6867113660230987,0.08,1,0,0.0,99.0,1.0,2,1,6,1,26,0.2744039586103697,1.4918345327735252,0.8559011228693768,0.23862993779788294,0,2.9329994345262165,3.0209871556668446,442.1071428571439
476,1,0,1,0.2628755364806865,0.0,1,0,0.0,99.0,1.0,2,1,6,0,26,0.4812554489764089,1.3880969904455562,0.6527506827935908,0.15977370269216745,1,3.06028092079592,9.892313694888815,146.45714285714297
530,1,0,1,0.10222673472510056,0.0,1,0,0.0,99.0,1.0,2,1,6,0,26,0.8863723608105095,0.3831993571415226,0.009930597087578364,0.04770580953838026,1,3.5477544889358708,1.2790998483984515,513.5642857142853
543,1,1,1,0.05925516302614395,0.0,1,1,1.0740347241423338,0.04,1.9059141540930666,2,1,6,0,26,0.6022184779471792,1.9397138891915118,0.8391007507922554,0.004466469574834644,1,7.990514069379178,1.9426165004147522,335.83571428571355
550,1,1,1,0.3984288519907201,0.0,1,1,0.9015870491876462,0.32,1.9059141540930666,2,1,6,0,26,0.6830393486924666,0.46100514263774073,0.22545973933225513,0.06648812712015356,1,5.878200321371184,2.3078378860917796,400.07142857142804
551,1,1,1,0.5669005031769948,0.0,1,1,0.927349517482648,0.36,1.9059141540930666,2,1,6,0,26,0.9703243616064009,0.9015240584445245,0.020567818709369422,0.012597788959473808,1,4.9619862636353735,3.4579645205127343,388.95714285714195
574,1,1,1,0.14947168729182297,0.0,1,1,1.1139322485827112,1.28,1.9059141540930666,2,1,6,1,26,0.5622918054255787,0.3792403160437295,0.07844175324819022,0.12445679747643867,1,2.1250303311053735,4.099662497518368,323.80714285714254
575,1,1,1,0.3271070030168732,0.0,1,1,1.080469234760469,1.32,1.9059141540930666,2,1,6,0,26,0.6155913978310659,0.9307071829301368,0.2773819457817323,0.10813702205960588,1,1.4435244025076546,4.5941759205768395,333.83571428571406
582,1,1,1,0.06486549097964274,0.0,1,1,1.4623082450120193,1.6,1.9059141540930666,2,1,6,0,26,0.8836956521258782,0.6592500693168494,0.0863521848666612,0.00040540931861686767,1,2.159210030984852,6.012220195175637,246.6642857142854
602,1,1,1,0.4374466007567512,0.0,1,1,1.5408852259550885,2.4,1.9059141540930666,2,1,6,0,26,0.6279141104101778,1.4748333519752244,0.4998169168802652,0.018369339680227307,1,1.8266813133162452,2.732759672891489,234.08571428571355
673,1,1,1,0.17330839939947895,0.0,1,1,1.362499012300159,0.12,0.818161853743318,3,1,6,0,26,0.5330005546164036,1.3002243844081727,0.6132167408538849,0.007743566781673481,1,2.5505834013748743,2.891669081044088,271.19285714285644
758,1,0,1,0.8329563108119289,0.0,1,1,1.4098825325011617,3.52,0.818161853743318,3,1,6,0,26,0.8997903563752756,1.7410385552190462,0.043879970564988796,0.13850808100077405,1,4.77986427189229,2.9323267286255557,262.0785714285708
843,1,1,1,0.5467403441463686,0.0,1,1,2.7765880443496456,0.2,2.8689001065397006,4,1,6,0,26,0.9292791253526133,0.9693729561072297,0.05611704412059443,0.026856013971987096,1,2.4086237008618054,2.12964182437657,249.47857142857123
846,1,1,1,0.029229184644935038,0.0,1,1,2.6996044490994664,0.32,2.8689001065397006,4,1,6,0,26,0.26126714563937103,0.7859081764664649,0.11029145672689955,0.33048464771871516,1,1.7794727611836678,2.459148734793868,256.5928571428568
863,1,1,1,0.21600041211622276,0.0,1,1,2.4978850871883456,1.0,2.8689001065397006,4,1,6,0,26,0.7796173656813944,0.6154913922219669,0.07248093962496924,0.14351947249125352,1,3.198897589120137,1.861425922110057,277.3142857142848
908,1,0,1,1.4584152099017405,0.0,1,1,2.474872798902646,2.8,2.8689001065397006,4,1,6,1,26,0.7849446046321957,3.8903769128243306,0.5059078729105483,0.00035727957125931606,1,-1.4476968227638312,6.438892433329108,279.8928571428566
912,1,0,1,0.3372298972724058,0.0,1,1,2.2901851605856693,2.96,2.8689001065397006,4,1,6,1,26,0.7454873646041098,2.2529047552135193,0.30846617074035726,0.0644704215373717,1,-0.8883693470303379,7.754634549533606,302.4642857142852
920,1,0,1,0.2088854247856529,0.0,1,1,2.699529301441932,3.28,2.8689001065397006,4,1,6,1,26,0.8359811077356636,0.6616124420790891,0.1321122369446666,0.016757599376472754,1,0.3881527669524494,8.045596258768509,256.6000000000001
925,1,1,1,0.10213395037921259,0.0,1,1,3.1166567240326386,3.48,2.8689001065397006,4,1,6,1,26,0.8810520023645546,1.2398150701230959,0.12193083943954232,0.057141020696767054,1,-0.39323820542483395,10.531495050777677,222.2571428571438
937,1,1,1,0.1057504087695554,0.0,1,1,2.2333300468645634,3.96,2.8689001065397006,4,1,6,1,26,0.85063085059624,0.45466501410530974,0.07447665983464509,0.043847730465416825,1,0.4065587361536463,8.738917163715076,310.16428571428594
958,-1,0,1,0.0006094906399563015,0.0,1,1,3.692902200333761,28.16,4.062291309602826,2,1,6,0,26,0.43792237882914803,0.3734788050926307,0.11356842258017977,0.4778406617327027,1,1.9808445798868046,7.434160499201851,492.21428571428675
979,1,1,1,0.5159811101225332,0.0,1,1,1.6950280396619046,0.32,0.9326462512065982,5,1,6,1,26,0.5257080010853493,2.2394620976236626,0.6649784409007076,0.16145369926766168,1,3.4451440695366906,12.615426733283174,208.7285714285707
1004,-1,0,1,0.35521517140773595,0.0,1,1,6.629099995441266,30.0,4.062291309602826,2,1,6,0,26,0.6360106770047237,1.0246446002256542,0.3559445660102053,0.19110138584972297,1,2.1145149525893556,4.317286652078748,274.2000000000007
1010,-1,0,1,0.3249820402298895,0.0,1,1,5.712955518700609,30.24,4.062291309602826,2,1,6,0,26,0.6172885112556766,1.384645593751632,0.19706357758622053,0.454157686781609,1,2.2016433189655165,4.114448635057465,318.1714285714287
1046,-1,0,1,0.3939410981759511,0.0,1,1,4.7705957787338455,31.68,4.062291309602826,2,1,6,1,26,0.6331050228262333,5.12200039273392,0.3330521343006612,0.9322310331252367,1,4.5078829462160055,2.648669928575433,381.0214285714293
1050,1,1,1,0.030017733354834843,0.0,1,1,1.3654683217797825,0.04,1.4276282923105692,6,1,6,0,26,0.5917173081118221,1.039042165354731,0.36608092858295316,0.04333387070771545,1,2.96047073996454,3.193841689505071,443.07142857142907
4474,1,0,1,0.2471361502347434,0.0,1,1,0.6117732033224994,137.0,1.4276282923105692,16,7,6,0,26,0.4745447019818423,1.0809521255973265,0.3896135789093567,0.12387143373058873,1,6.091238714337313,1.6522932466594447,988.9285714285709
5221,1,0,1,0.19794590548574298,0.0,1,1,0.30480344316333435,166.88,1.4276282923105692,21,7,6,0,26,0.7168515229678083,1.9270567709703608,0.3158368239985037,0.10988038174202111,1,5.15813073080854,1.5314231837745231,1984.8857142857144
5222,1,0,1,0.4703857768028848,0.0,1,1,0.30557650055378976,166.92,1.4276282923105692,21,7,6,0,26,0.8184368425122039,1.7328166975748924,0.23294525959571397,0.0024244085994328214,1,4.110231220754668,2.5962890674324735,1979.8642857142856
5228,1,0,1,0.4029426473297705,0.0,1,1,0.3715596732731469,167.16,1.4276282923105692,21,7,6,1,26,0.9735477727121622,0.4270583372112762,0.008966564016177526,0.006387141490977303,1,4.12652330692496,3.3670062028970262,1628.2714285714283
5232,1,0,1,0.21813886933018375,0.0,1,1,0.38476389488268564,167.32,1.4276282923105692,21,7,6,1,26,0.9372255955117358,0.6910048122196747,0.0357417039543944,0.049733118313760157,1,3.2303631862266347,4.529466009494173,1572.392857142857
5246,1,0,1,0.3688783785008235,0.0,1,1,0.7674395426169051,167.88,1.4276282923105692,21,7,6,1,26,0.6175121424675024,2.6983963660929637,0.6385604392617374,0.08067628910815546,1,6.30315221035273,9.142805367546453,788.3357142857146
5248,1,0,1,0.061732283464566884,0.0,1,1,0.7622047244094483,167.96,1.4276282923105692,21,7,6,1,26,0.5558530417885422,1.2039046322255336,0.16844094488189515,0.2077480314960647,1,5.179464566929136,9.896944881889754,793.7500000000006
5257,1,0,1,0.12425124682247361,0.0,1,1,0.7450149090941075,168.32,1.4276282923105692,21,7,6,1,26,0.5502373099465034,1.0135834267466086,0.07979663819719064,0.6086956521739076,1,2.222237859423522,9.909560291672893,812.0642857142858
6056,1,1,1,0.20060615842614304,0.0,1,1,1.0103079437241045,0.64,1.5972438491702918,24,7,6,1,26,0.738201950942831,1.2247321212348434,0.20336794533813882,0.04594609135417941,1,0.3324187155897515,4.073635695199139,398.2928571428586
6111,1,1,1,1.1204786510742446,0.0,1,1,0.8789788437131715,0.04,2.298316982868249,25,7,6,0,26,0.6302052030511719,2.3421436041805386,0.559514096636748,0.2213761218384525,1,2.6780890218475166,3.4830931012600805,551.5500000000003
6242,1,1,1,0.0978821335974597,0.0,1,1,1.638912381288781,0.36,1.7368243774785979,25,8,6,0,26,0.578278900969969,0.625572270655972,0.21228187723948777,0.11949777143357726,1,4.648381740321029,1.3124362746526026,490.3857142857144
6244,1,1,1,0.18237008256434797,0.0,1,1,1.9516736735065552,0.44,1.7368243774785979,25,8,6,0,26,0.5744949494768099,0.42191313924639184,0.22486644001944087,0.10247693054880296,1,5.226323457989322,1.8720252549781293,411.8000000000003
6245,1,1,1,0.26148266160468425,0.0,1,1,1.9070182472628032,0.48,1.7368243774785979,25,8,6,0,26,0.6960854092402909,1.0080071654322542,0.3644622216196024,0.04081217585843854,1,4.178502423646653,2.757431951459267,421.44285714285746
6601,1,0,1,0.2739144972534075,0.0,1,1,1.0749261105803687,14.72,1.7368243774785979,27,9,6,0,26,0.9076981274653435,0.39471027578511403,0.004012419393360404,0.06125626940529633,1,5.628086935753527,1.8307332218772443,747.6785714285709
6602,1,0,1,0.1706851299611463,0.0,1,1,1.0584838395217364,14.76,1.7368243774785979,27,9,6,0,26,0.651315789457212,0.4540946826364895,0.060187580549567715,0.12129707152331405,1,5.050093602129805,2.141597915353581,759.2928571428565
6615,1,0,1,0.16299156589776895,0.0,1,1,1.633369004674324,15.28,1.7368243774785979,27,9,6,1,26,0.8722835172086095,1.3071427942353675,0.13961995732140473,0.09328320292652016,1,4.6680215425261755,3.466517630322136,492.0499999999993
6624,1,0,1,0.07639836289223069,0.0,1,1,1.2479939953304746,15.64,1.7368243774785979,27,9,6,0,26,0.5915963431682179,0.8587392538672898,0.18369768963720146,0.17702059694539687,1,4.865581916392165,1.590545591676923,643.9928571428557
6627,1,0,1,0.006482373700078763,0.0,1,1,1.4080753184872827,15.76,1.7368243774785979,27,9,6,0,26,0.7103518612771657,0.5015598609979015,0.01892152323266957,0.18010486928880884,1,4.65732270457646,2.6269381421366895,570.77857142857
6649,1,0,1,0.22295205029558576,0.0,1,1,1.5083029346908132,16.64,1.7368243774785979,27,9,6,1,26,0.9277669902792485,0.9906092260639074,0.06756122736229707,0.03715867504926885,1,2.17884958243408,2.5879703481279903,532.8500000000001
6663,1,0,1,0.15333369539636826,0.0,1,1,2.0369284495555644,17.2,1.7368243774785979,27,9,6,1,26,0.9740497633800328,2.1502910676982383,0.007349879614044481,0.035735621571711895,1,1.2973804739405148,5.140100291460731,394.5642857142863
6738,-1,1,1,0.12816402294971058,0.0,1,1,2.0045546549808804,0.16,4.260354258023149,21,9,6,1,26,0.8948617322178097,1.6080704383423312,0.0,0.2267971650354319,1,3.2149285633929656,2.250843739453254,507.94285714285587
6742,-1,1,1,0.5460992907801401,0.0,1,1,1.7077330197551295,0.32,4.260354258023149,21,9,6,1,26,0.9192010438530572,1.0482062845048516,0.0001677209124115263,0.13484761357102043,1,3.38427257044278,1.2721631205673773,596.2285714285707
6766,-1,1,1,0.08982815094001274,0.0,1,1,2.132003568971444,1.28,4.260354258023149,21,9,6,1,26,0.8349071963258013,0.4003336226040791,0.04543754954307573,0.06072299247692963,1,4.8061201597343555,0.6635557350323823,477.5785714285724
6775,-1,1,1,0.30241205538432403,0.0,1,1,3.4871542302705585,1.64,4.260354258023149,21,9,6,1,26,0.6742928452298446,0.43060485968002143,0.0,0.26816380449142324,1,7.552424286902475,1.3939038113410627,291.9857142857145
6793,1,1,1,0.018402188698852066,0.0,1,1,1.7197470558790682,22.4,1.7368243774785979,27,9,6,0,26,0.8497630331552154,0.7006344324392183,0.11512066883703048,0.020541978082439877,1,5.1451235728368925,1.1176119950479046,467.33571428571514
6838,-1,0,1,0.31057081066911707,0.0,1,1,2.3354723544301756,4.16,4.260354258023149,21,9,6,0,26,0.7327102803601362,0.8647119757400571,0.16147847172161048,0.16652467396290402,1,2.2350088472377023,8.086768464512755,435.97142857142796
6842,-1,0,1,0.12253681725472582,0.0,1,1,2.2893007632453823,4.32,4.260354258023149,21,9,6,0,26,0.6964143426017481,0.35538896799761877,0.06745145903929861,0.10387524692051332,1,1.9515955482037066,8.166123307691086,444.764285714285
6865,-1,0,1,0.3880215416417122,0.0,1,1,3.8771661487515656,5.24,4.260354258023149,21,9,6,0,26,0.7885015608535851,2.2298350698038814,0.00038078659630626883,0.30919871620517864,1,2.347930152858615,10.617091878365876,262.6142857142856
6878,-1,0,1,1.2309389397183812,0.0,1,1,4.6248747850561225,5.76,4.260354258023149,21,9,6,1,26,0.8752692804636932,3.0803120117166505,0.027253260657971543,0.23574070469146044,1,5.6350658620465754,5.133605865939892,220.15714285714316
6880,1,1,1,0.2438072361507276,0.0,1,1,1.2736826302356976,0.04,3.0110742931188237,28,9,6,0,26,0.7166217430239653,2.595746813436043,0.43549016664163837,0.2274133013061036,1,3.651223540008994,4.211980183155673,237.89285714285765
7181,1,1,1,0.08429926238145437,0.0,1,1,1.9764858758207067,0.24,2.6967952099407695,31,9,6,0,26,0.6641870350455409,0.3278217585849157,0.15352192591391312,0.00016211396612761774,1,2.8183513009645846,2.507578827916036,616.8499999999985
7343,1,1,1,0.02679465693517924,0.0,1,1,1.6926383489850374,6.72,2.6967952099407695,31,9,6,0,26,0.19941241277271798,0.260964287662653,0.19353239257840762,0.10912228161163402,1,4.844418440911927,0.934342182247301,720.2928571428565
7387,1,1,1,0.11332927571518076,0.0,1,1,2.5971902579123727,8.48,2.6967952099407695,31,9,6,0,26,0.9486785064893241,0.9621645787068572,0.04558734023127214,0.032592818015831124,1,3.2788800973828516,2.606147291539871,469.4285714285683
7388,1,1,1,0.530217058452681,0.0,1,1,2.562180548050098,8.52,2.6967952099407695,31,9,6,0,26,0.5789689874598641,0.74602126858992,0.03803776757033889,0.39277672701070887,1,2.0199945960551617,3.1634393106968104,475.8428571428532
7393,1,1,1,0.1924683936706481,0.0,1,1,2.300554542820185,8.72,2.6967952099407695,31,9,6,1,26,0.5423982869262932,0.9345569337294322,0.10925411758362162,0.29398603660674055,1,1.7944847292233956,2.8596652020379136,529.9571428571404
7395,1,1,1,0.18847255401428104,0.08,1,1,2.252792690089358,8.8,2.6967952099407695,31,10,6,1,26,0.49427517949748284,0.8469556098302589,0.3817493103857996,0.09977958741932526,0,1.624374727783878,2.933150316100673,541.1928571428559
7430,1,1,1,0.547551395620926,0.0,1,1,1.8965401972254723,0.68,2.249827856484007,31,10,6,1,26,0.7383526383478833,4.738152203856117,0.8248370382751129,0.1265920106969884,1,-1.0581313722212868,7.341634631455792,427.35714285714283
10185,1,0,1,0.05623059050861674,0.0,1,1,0.522049182213429,110.88,2.249827856484007,40,15,6,0,26,0.7356869184415077,1.0461197316028228,0.2551310068781521,0.055908536725634984,1,5.787821766234956,1.3524326562535907,1552.5357142857163
10189,1,0,1,0.1569766625970033,0.0,1,1,0.5307867544216635,111.04,2.249827856484007,40,15,6,0,26,0.6242249585134548,1.108679163862901,0.16549020708495102,0.11630811546612031,1,5.0861224547074695,2.1363102672411,1526.9785714285722
10190,1,0,1,0.14390110856148475,0.0,1,1,0.5115431951275587,111.08,2.249827856484007,40,15,6,0,26,0.4059338255372863,1.3053496885356304,0.28022847456710187,0.2682367155203115,1,4.156091227532356,2.4335697122428654,1584.4214285714293
10442,1,0,1,0.09237306373256436,0.0,1,1,0.5195584188427508,121.16,2.249827856484007,40,15,6,0,26,0.3162510276744655,0.5920512345068791,0.19634885094575705,0.12352733782973982,1,4.587050188418356,1.7659857965081938,1559.978571428568
15528,-1,1,1,0.23430962343095885,0.0,1,1,1.6942039342962525,0.28,2.2179468076120954,40,22,6,0,26,0.915009041572929,0.4293258577689513,0.056571330314671264,0.0,1,3.294510995204522,3.030511453736082,747.7285714285701
15529,-1,1,1,0.37965470387578487,0.0,1,1,1.685172944993968,0.32,2.2179468076120954,40,22,6,0,26,0.535158447392914,0.8168267687794653,0.03192611385080246,0.2978440371331229,1,3.4605246904782225,2.634702545537481,751.7357142857135
15541,-1,1,1,0.1603522907470236,0.0,1,1,1.9002341774525329,0.8,2.2179468076120954,40,22,6,1,26,0.8336372255792129,2.7546266015239476,0.14820211717310666,0.19395277075387204,1,4.111558736553374,2.761539450563576,666.6571428571436
15566,-1,1,1,1.1616401605147546,0.0,1,1,2.0161271414280395,1.8,2.2179468076120954,40,22,6,1,26,0.7366668760554365,2.8820094782829755,0.6221196585082962,0.045039617129132264,1,5.94300135278005,1.374424500096616,628.335714285713
15567,-1,1,1,1.3337821692048188,0.0,1,1,1.681737338561325,1.84,2.2179468076120954,40,22,6,1,26,0.6812392905076579,7.2619748595139235,0.1956797966963076,0.7180678563978201,1,6.910258112234266,-0.8064822014451261,753.2714285714277
15568,-1,1,1,0.05661401508982973,0.0,1,1,1.604449657583819,1.88,2.2179468076120954,40,22,6,1,26,0.6503909366471174,2.740505411184261,0.5549946624690121,0.0,1,7.6252872315403,-0.3475365937505584,789.557142857142
15569,-1,1,1,0.4048072643105184,0.0,1,1,1.5788538791952325,1.92,2.2179468076120954,40,22,6,1,26,0.6486486486411278,2.2570158877315927,0.28628149203240166,0.09123119380396706,1,8.200587554526866,-0.6969464969286905,802.3571428571407
15570,-1,1,1,0.2646581007236823,0.0,1,1,1.5407634309816125,1.96,2.2179468076120954,40,22,6,1,26,0.6214953270934452,1.1102210677618523,0.2850912629118931,0.020311536222815285,1,8.504209127159976,-0.4124336486920947,822.1928571428549
15646,-1,0,1,0.06073399583180541,0.0,1,1,1.5863527960894135,5.0,2.2179468076120954,40,22,6,0,26,0.5119487558385967,0.3393479817947404,0.15790838916268313,0.09016180824515442,1,0.5869283267292169,7.441229349099741,798.5642857142842
15647,-1,0,1,0.01389721072071273,0.0,1,1,1.5860406922671086,5.04,2.2179468076120954,40,22,6,0,26,0.645557287594601,0.6385771321883608,0.0001252000965902195,0.22761377558775564,1,1.0017259727600454,7.024852219171719,798.7214285714269
15649,-1,0,1,0.7145034290068659,0.0,1,1,1.6088451708153428,5.12,2.2179468076120954,40,22,6,0,26,0.7956964368255889,0.7789094668225384,0.04292608585217543,0.18135636271272926,1,2.15367030734062,5.977774955549908,787.3999999999994
15650,-1,0,1,0.5600103132654308,0.0,1,1,1.6331116249838873,5.16,2.2179468076120954,40,22,6,1,26,0.9679773607243589,1.0353950477013738,0.027587985045757643,0.00012891581795960934,1,3.024107257960559,5.229985819260022,775.6999999999991
15651,-1,0,1,0.0446996927649191,0.0,1,1,1.7806849158617664,5.2,2.2179468076120954,40,22,6,1,26,0.2920168067158902,1.3734758112251038,0.10247193718748565,0.32386192493824395,1,3.473362918934119,5.477539709632734,711.4142857142849
16072,-1,1,1,0.7652145178168163,0.0,1,1,1.2679424602081832,0.04,1.3980118390617027,41,23,6,0,26,0.8184690157909035,1.2363108454636562,0.12458005177065726,0.20454920967119786,1,4.473536377154817,2.8781186319325798,907.8500000000006
16093,-1,1,1,0.03159670955493762,0.0,1,1,3.3991609101455387,0.88,1.3980118390617027,41,23,6,0,26,0.20110957003603025,1.0586034855815782,0.12668213457074845,0.723771356253972,1,3.937481543978046,10.924783800885905,338.64285714285717
16101,-1,1,1,0.6323726541554876,0.0,1,1,3.857578962801617,1.2,1.3980118390617027,41,23,6,0,26,0.9263301500524201,0.8833645950691495,0.10556300268096537,0.03920911528149167,1,4.751340482573746,12.1152815013405,298.39999999999935
16119,-1,1,1,0.08069164265129149,0.0,1,1,2.254472716907763,1.92,1.3980118390617027,41,23,6,0,26,0.6345833333200946,1.1218553155912911,0.27282392770208574,0.07070311407068684,1,2.2854145099465586,2.87140818667639,510.585714285712
16128,-1,1,1,0.028783619351313922,0.0,1,1,2.2539366809326022,2.28,1.3980118390617027,41,23,6,1,26,0.7861523244234687,1.2752554953265802,0.4231387851578461,0.00019580693437411598,1,2.9682373180044386,0.6825829731884482,510.70714285714246
16130,-1,1,1,0.3643549449515498,0.0,1,1,2.166371624164865,2.36,1.3980118390617027,41,23,6,1,26,0.5591987064268862,2.3976603422981695,0.18631786957749144,0.7371788839747764,1,4.18612966970924,-0.5990401806718795,531.3499999999996
16324,-1,1,1,0.7198710616616341,0.0,1,1,1.8393507807355038,0.12,2.817842384745059,41,24,6,0,26,0.825141776927854,0.7924640956550751,0.10821115385949912,0.07133201622127838,1,2.140809677307543,5.348688087068042,824.3142857142853
16325,-1,1,1,0.4373673036093381,0.0,1,1,1.8935970088672407,0.16,2.817842384745059,41,24,6,0,26,0.7935959817800428,1.0374044584671598,0.00012489072062672754,0.16410640689396047,1,2.8353940302235574,4.8749843886599145,800.7000000000002
16332,-1,1,1,0.5656103816266045,0.0,1,1,2.0389449076431014,0.44,2.817842384745059,41,24,6,1,26,0.6768707482932603,1.5342342145251118,0.2737952299076994,0.21166684276752976,1,3.9989433947765307,4.092135975486765,743.6214285714274
16820,1,1,1,0.21966254364008667,0.0,1,1,2.6127010380468705,0.2,2.7336191386421604,56,27,6,0,26,0.5859590271883885,0.9797247346100934,0.37128299838804424,0.020639433630609178,1,7.326205114497009,1.9143641709800574,881.807142857142
16821,1,1,1,0.47625874616260383,0.0,1,1,2.513174029156476,0.24,2.7336191386421604,56,27,6,0,26,0.8999701996533256,1.0872972154612146,0.09010300603075216,0.01974412117623863,1,6.0588271960854545,2.8297361736610096,916.7285714285701
16827,1,1,1,0.03914783172920636,0.0,1,1,2.4915090705093568,0.48,2.7336191386421604,56,27,6,1,26,0.47970439002337784,0.533360737844887,0.14112685195198457,0.36898453552504806,1,5.405428787714933,3.4065102195306616,924.6999999999991
16837,1,1,1,0.07352326844347896,0.0,1,1,3.8497759837914605,0.88,2.7336191386421604,56,27,6,1,26,0.53825705038675,1.3620669271602757,0.29893892555768087,0.36861893224163383,1,7.090149553011931,6.525691369370878,598.4500000000002
17165,1,0,1,0.1416660517966501,0.0,1,1,3.3998353685530858,14.0,2.7336191386421604,57,27,6,0,26,0.4462509099624936,0.47812859420348675,0.2763963698074268,0.060355640817522545,1,6.369364716298966,1.344056666420722,677.6500000000004
17170,1,0,1,0.6485736581982144,0.0,1,1,3.9953150741350947,14.2,2.7336191386421604,57,27,6,1,26,0.5840426526930815,1.1016482962009837,0.6374750715338449,0.13370328622213015,1,5.753750108384631,3.2239660105783536,576.6499999999994
17215,1,0,1,0.03292477104833581,0.0,1,1,4.462078151370948,16.0,2.7336191386421604,57,27,6,0,26,0.6535119478402128,0.3678352179211584,0.06720526796336217,0.11814182552638144,1,6.925241402207899,2.9558697396452955,516.3285714285709
17235,1,1,1,0.7785232343364255,0.0,1,1,2.0472987822681485,16.8,2.7336191386421604,57,27,6,0,26,0.6362215837459817,1.674577587845724,0.6103956279713304,0.030924105187647943,1,3.110271855382831,2.1811269018134274,1125.3357142857142
17362,1,0,1,0.4392234450352566,0.0,1,1,5.697782706813411,21.88,2.7336191386421604,58,27,6,0,26,0.697128589246007,0.6923497869047661,0.28984790404351973,0.010139730431571226,1,8.794855941634724,1.2533696055397636,404.34999999999957
17950,-1,1,1,0.4008571323013289,0.0,1,1,1.2610027893745233,0.28,2.297007961124467,47,26,6,0,26,0.5568181817977433,1.7152531788389564,0.0005172350094511766,0.6248198913806671,1,3.708575017549069,4.584253888498955,193.33571428571304
17975,-1,1,1,5.329456771231845,0.0,1,1,0.7461266258607546,1.28,2.297007961124467,47,26,6,1,26,0.9662915411794443,8.227007905534304,0.0003060443764523991,0.19495026778882174,1,6.145065034430014,-3.689364957918922,326.7499999999979
17997,-1,1,1,0.06693202285917539,0.0,1,1,0.7589682795579313,2.16,2.297007961124467,47,26,6,0,26,0.3963501568178839,0.5517060528375365,0.6369438082319848,0.022103133130257434,1,7.849725378577244,3.6376776144626253,321.2214285714311
18024,1,0,1,0.41435452140290124,0.0,1,1,3.125837375347666,48.36,2.7336191386421604,61,27,6,0,26,0.6955084045095699,0.7050587391393967,0.06580286276372016,0.23404110982972634,1,8.947154195780465,1.5036971711552833,737.0500000000009
18042,1,0,1,0.11382585489566208,0.0,1,1,2.6732233357920694,49.08,2.7336191386421604,61,27,6,0,26,0.5024007386841938,1.0128849101455106,0.22266240116692756,0.40262560294385724,1,5.729466757280894,1.4336720316928886,861.8428571428584
18065,1,0,1,0.058000066820326136,0.0,1,1,5.388155779125311,50.0,2.7336191386421604,61,27,6,0,26,0.8150413223005875,1.0826655980588265,0.1789114964418158,0.08279041796129724,1,3.3782700210484045,5.36617553706858,427.58571428571514
18091,-1,1,1,0.4448248442814829,0.0,1,1,1.9540085092989412,0.08,3.589022642930017,48,26,6,0,26,0.5771458662393139,2.5650490916565807,0.020409064805402638,0.6003666563590645,1,1.9430357379511431,4.225294871228536,646.7714285714267
18102,-1,1,1,0.1131146158387313,0.0,1,1,2.9844237581175674,0.52,3.589022642930017,48,26,6,0,26,0.9670571009540967,0.20532560712337053,0.006139833010050011,0.004486801045781987,1,3.737269123724396,2.708138652272891,423.4642857142857
18108,-1,1,1,0.3469419038373118,0.0,1,1,9.040496780951448,0.76,3.589022642930017,48,26,6,1,26,0.4610507245958909,0.3630633615202473,0.04578202442385106,0.37984773389202636,1,12.14225129017425,7.382351438352698,139.79285714285652
18144,1,0,1,0.0198003600065313,0.0,1,1,3.770084171984948,53.16,2.7336191386421604,61,27,6,0,26,0.26105293775070965,1.1057078534005358,0.5603010963835853,0.27115038455244184,1,5.049091801669125,1.2873506791032525,611.0999999999996
18206,-1,1,1,0.1979942282242962,0.0,1,1,2.8210201454104906,4.68,3.589022642930017,49,26,6,0,26,0.7832133707358425,2.094197276073066,0.0026786141360607327,0.39397949584655495,1,1.933736188395841,5.84406639136469,447.9928571428557
18216,-1,1,1,0.04188181296614606,0.0,1,1,1.9419194635685564,0.28,2.073440752092095,49,26,6,0,26,0.328794201618072,0.5448675762424335,0.07903040734366856,0.35929432013769297,1,2.123780837636251,2.648594377510044,697.2000000000013
18217,-1,1,1,0.20479932935136524,0.0,1,1,1.9862399140731397,0.32,2.073440752092095,49,26,6,1,26,0.8857234830052199,0.8456418780860304,0.026406790317510177,0.0777533270460022,1,2.979566174159065,1.9017290160326956,681.6428571428581
18258,1,0,1,0.47884038385739425,0.0,1,1,2.594542832034239,57.72,2.7336191386421604,61,27,6,0,26,0.4250665979186022,1.8872331894783847,0.29516478035987703,1.211740952564816,1,7.540046815801544,3.262803960842049,887.9785714285701
